insert into tradingenterprise(id, name) values (901, 'evilCorporation1');
insert into tradingenterprise(id, name) values (902, 'evilCorporation2');
insert into productsuplier (id,name) values (800,'apple_supiler');
insert into productsuplier (id,name) values (801,'orange_supiler');
insert into productsuplier (id,name) values (802,'banana_cabage_supiler');
insert into tradinge_products(trading_enterprise_id, product_supplier_id) values (901, 800);
insert into tradinge_products(trading_enterprise_id, product_supplier_id) values (901, 801);
insert into tradinge_products(trading_enterprise_id, product_supplier_id) values (901, 802);
insert into product (id, barcode, name, purchaseprice, productsuplierid) values (100, 12345, 'apple', 25, 800);
insert into product (id, barcode, name, purchaseprice, productsuplierid) values (101, 12346, 'orange', 15, 801);
insert into product (id, barcode, name, purchaseprice, productsuplierid) values (102, 12347, 'banana', 16, 802);
insert into product (id, barcode, name, purchaseprice, productsuplierid) values (103, 12348, 'cabage', 17, 802);
insert into store (id, location, name, tradingenterpriseid) values (200, 'viena1', 'store1', 901);
insert into store (id, location, name, tradingenterpriseid) values (201, 'viena2', 'store2', 901);
insert into stockitem (id, amount, minstock, maxstock, saleprice, productid, storeid) values (300,4,5,25,35,100,200);
insert into stockitem (id, amount, minstock, maxstock, saleprice, productid, storeid) values (301,30,5,25,20,101,200);
insert into stockitem (id, amount, minstock, maxstock, saleprice, productid, storeid) values (302,60,10,35,21,102,200);
insert into stockitem (id, amount, minstock, maxstock, saleprice, productid, storeid) values (303,15,10,35,18,103,200);
insert into stockitem (id, amount, minstock, maxstock, saleprice, productid, storeid) values (304,15,10,35,18,103,201);	